ticker,type,strike,implied_vol,expiration,underlying_close,asof_date
AAPL,call,185.0,0.28266832599008285,2024-10-25,231.3000030517578,2024-10-14
AAPL,put,185.0,0.28266832599008285,2024-10-25,231.3000030517578,2024-10-14
AAPL,call,190.0,0.28736212564413016,2024-10-25,231.3000030517578,2024-10-14
AAPL,put,190.0,0.28736212564413016,2024-10-25,231.3000030517578,2024-10-14
AAPL,call,195.0,0.29050255038948125,2024-10-25,231.3000030517578,2024-10-14
AAPL,put,195.0,0.29050255038948125,2024-10-25,231.3000030517578,2024-10-14
AAPL,call,200.0,0.2469914542504404,2024-10-25,231.3000030517578,2024-10-14
AAPL,put,200.0,0.2469914542504404,2024-10-25,231.3000030517578,2024-10-14
AAPL,call,202.5,0.2781785160909714,2024-10-25,231.3000030517578,2024-10-14
AAPL,put,202.5,0.2781785160909714,2024-10-25,231.3000030517578,2024-10-14
AAPL,call,207.5,0.2818603848836586,2024-10-25,231.3000030517578,2024-10-14
AAPL,put,207.5,0.2818603848836586,2024-10-25,231.3000030517578,2024-10-14
AAPL,call,212.5,0.2846814489671656,2024-10-25,231.3000030517578,2024-10-14
AAPL,put,212.5,0.2846814489671656,2024-10-25,231.3000030517578,2024-10-14
AAPL,call,217.5,0.25561514600668905,2024-10-25,231.3000030517578,2024-10-14
AAPL,put,217.5,0.25561514600668905,2024-10-25,231.3000030517578,2024-10-14
AAPL,call,222.5,0.2765982914485795,2024-10-25,231.3000030517578,2024-10-14
AAPL,put,222.5,0.2765982914485795,2024-10-25,231.3000030517578,2024-10-14
AAPL,call,227.5,0.214618651398215,2024-10-25,231.3000030517578,2024-10-14
AAPL,put,227.5,0.214618651398215,2024-10-25,231.3000030517578,2024-10-14
AAPL,call,232.5,0.25243518591235203,2024-10-25,231.3000030517578,2024-10-14
AAPL,put,232.5,0.25243518591235203,2024-10-25,231.3000030517578,2024-10-14
AAPL,call,235.0,0.2649530317168309,2024-10-25,231.3000030517578,2024-10-14
AAPL,put,235.0,0.2649530317168309,2024-10-25,231.3000030517578,2024-10-14
AAPL,call,240.0,0.2737183140243377,2024-10-25,231.3000030517578,2024-10-14
AAPL,put,240.0,0.2737183140243377,2024-10-25,231.3000030517578,2024-10-14
AAPL,call,245.0,0.28492014641496005,2024-10-25,231.3000030517578,2024-10-14
AAPL,put,245.0,0.28492014641496005,2024-10-25,231.3000030517578,2024-10-14
AAPL,call,250.0,0.2631379415873994,2024-10-25,231.3000030517578,2024-10-14
AAPL,put,250.0,0.2631379415873994,2024-10-25,231.3000030517578,2024-10-14
AAPL,call,255.0,0.24417508724241913,2024-10-25,231.3000030517578,2024-10-14
AAPL,put,255.0,0.24417508724241913,2024-10-25,231.3000030517578,2024-10-14
AAPL,call,260.0,0.25651208510455664,2024-10-25,231.3000030517578,2024-10-14
AAPL,put,260.0,0.25651208510455664,2024-10-25,231.3000030517578,2024-10-14
AAPL,call,262.5,0.2742295402790749,2024-10-25,231.3000030517578,2024-10-14
AAPL,put,262.5,0.2742295402790749,2024-10-25,231.3000030517578,2024-10-14
AAPL,call,267.5,0.24400416998487987,2024-10-25,231.3000030517578,2024-10-14
AAPL,put,267.5,0.24400416998487987,2024-10-25,231.3000030517578,2024-10-14
AAPL,call,272.5,0.25276863691805934,2024-10-25,231.3000030517578,2024-10-14
AAPL,put,272.5,0.25276863691805934,2024-10-25,231.3000030517578,2024-10-14
AAPL,call,277.5,0.25409134295432634,2024-10-25,231.3000030517578,2024-10-14
AAPL,put,277.5,0.25409134295432634,2024-10-25,231.3000030517578,2024-10-14
AAPL,call,185.0,0.2737752305709453,2024-11-15,231.3000030517578,2024-10-14
AAPL,put,185.0,0.2737752305709453,2024-11-15,231.3000030517578,2024-10-14
AAPL,call,190.0,0.2849016717057408,2024-11-15,231.3000030517578,2024-10-14
AAPL,put,190.0,0.2849016717057408,2024-11-15,231.3000030517578,2024-10-14
AAPL,call,195.0,0.2903851155211023,2024-11-15,231.3000030517578,2024-10-14
AAPL,put,195.0,0.2903851155211023,2024-11-15,231.3000030517578,2024-10-14
AAPL,call,200.0,0.26345669873759114,2024-11-15,231.3000030517578,2024-10-14
AAPL,put,200.0,0.26345669873759114,2024-11-15,231.3000030517578,2024-10-14
AAPL,call,202.5,0.2787616394794966,2024-11-15,231.3000030517578,2024-10-14
AAPL,put,202.5,0.2787616394794966,2024-11-15,231.3000030517578,2024-10-14
AAPL,call,207.5,0.3073569815617718,2024-11-15,231.3000030517578,2024-10-14
AAPL,put,207.5,0.3073569815617718,2024-11-15,231.3000030517578,2024-10-14
AAPL,call,212.5,0.28150707500054717,2024-11-15,231.3000030517578,2024-10-14
AAPL,put,212.5,0.28150707500054717,2024-11-15,231.3000030517578,2024-10-14
AAPL,call,217.5,0.27185251661022836,2024-11-15,231.3000030517578,2024-10-14
AAPL,put,217.5,0.27185251661022836,2024-11-15,231.3000030517578,2024-10-14
AAPL,call,222.5,0.26330434615994486,2024-11-15,231.3000030517578,2024-10-14
AAPL,put,222.5,0.26330434615994486,2024-11-15,231.3000030517578,2024-10-14
AAPL,call,227.5,0.2750441998294376,2024-11-15,231.3000030517578,2024-10-14
AAPL,put,227.5,0.2750441998294376,2024-11-15,231.3000030517578,2024-10-14
AAPL,call,232.5,0.2617683312270095,2024-11-15,231.3000030517578,2024-10-14
AAPL,put,232.5,0.2617683312270095,2024-11-15,231.3000030517578,2024-10-14
AAPL,call,235.0,0.2416394519596575,2024-11-15,231.3000030517578,2024-10-14
AAPL,put,235.0,0.2416394519596575,2024-11-15,231.3000030517578,2024-10-14
AAPL,call,240.0,0.2667936866552053,2024-11-15,231.3000030517578,2024-10-14
AAPL,put,240.0,0.2667936866552053,2024-11-15,231.3000030517578,2024-10-14
AAPL,call,245.0,0.2276117170615341,2024-11-15,231.3000030517578,2024-10-14
AAPL,put,245.0,0.2276117170615341,2024-11-15,231.3000030517578,2024-10-14
AAPL,call,250.0,0.23316312595955718,2024-11-15,231.3000030517578,2024-10-14
AAPL,put,250.0,0.23316312595955718,2024-11-15,231.3000030517578,2024-10-14
AAPL,call,255.0,0.27194667054652577,2024-11-15,231.3000030517578,2024-10-14
AAPL,put,255.0,0.27194667054652577,2024-11-15,231.3000030517578,2024-10-14
AAPL,call,260.0,0.24465835731912683,2024-11-15,231.3000030517578,2024-10-14
AAPL,put,260.0,0.24465835731912683,2024-11-15,231.3000030517578,2024-10-14
AAPL,call,262.5,0.2564080399449507,2024-11-15,231.3000030517578,2024-10-14
AAPL,put,262.5,0.2564080399449507,2024-11-15,231.3000030517578,2024-10-14
AAPL,call,267.5,0.2365563536980403,2024-11-15,231.3000030517578,2024-10-14
AAPL,put,267.5,0.2365563536980403,2024-11-15,231.3000030517578,2024-10-14
AAPL,call,272.5,0.20906922482460313,2024-11-15,231.3000030517578,2024-10-14
AAPL,put,272.5,0.20906922482460313,2024-11-15,231.3000030517578,2024-10-14
AAPL,call,277.5,0.23323275133112667,2024-11-15,231.3000030517578,2024-10-14
AAPL,put,277.5,0.23323275133112667,2024-11-15,231.3000030517578,2024-10-14
AAPL,call,185.0,0.2634027341123326,2024-12-13,231.3000030517578,2024-10-14
AAPL,put,185.0,0.2634027341123326,2024-12-13,231.3000030517578,2024-10-14
AAPL,call,190.0,0.3421433654323611,2024-12-13,231.3000030517578,2024-10-14
AAPL,put,190.0,0.3421433654323611,2024-12-13,231.3000030517578,2024-10-14
AAPL,call,195.0,0.2626731569857834,2024-12-13,231.3000030517578,2024-10-14
AAPL,put,195.0,0.2626731569857834,2024-12-13,231.3000030517578,2024-10-14
AAPL,call,200.0,0.2982384798059565,2024-12-13,231.3000030517578,2024-10-14
AAPL,put,200.0,0.2982384798059565,2024-12-13,231.3000030517578,2024-10-14
AAPL,call,202.5,0.2824011244614665,2024-12-13,231.3000030517578,2024-10-14
AAPL,put,202.5,0.2824011244614665,2024-12-13,231.3000030517578,2024-10-14
AAPL,call,207.5,0.257992175206431,2024-12-13,231.3000030517578,2024-10-14
AAPL,put,207.5,0.257992175206431,2024-12-13,231.3000030517578,2024-10-14
AAPL,call,212.5,0.296908240476469,2024-12-13,231.3000030517578,2024-10-14
AAPL,put,212.5,0.296908240476469,2024-12-13,231.3000030517578,2024-10-14
AAPL,call,217.5,0.2712069453495231,2024-12-13,231.3000030517578,2024-10-14
AAPL,put,217.5,0.2712069453495231,2024-12-13,231.3000030517578,2024-10-14
AAPL,call,222.5,0.25416273825097235,2024-12-13,231.3000030517578,2024-10-14
AAPL,put,222.5,0.25416273825097235,2024-12-13,231.3000030517578,2024-10-14
AAPL,call,227.5,0.2210241541664807,2024-12-13,231.3000030517578,2024-10-14
AAPL,put,227.5,0.2210241541664807,2024-12-13,231.3000030517578,2024-10-14
AAPL,call,232.5,0.2598099091226424,2024-12-13,231.3000030517578,2024-10-14
AAPL,put,232.5,0.2598099091226424,2024-12-13,231.3000030517578,2024-10-14
AAPL,call,235.0,0.30098197772718804,2024-12-13,231.3000030517578,2024-10-14
AAPL,put,235.0,0.30098197772718804,2024-12-13,231.3000030517578,2024-10-14
AAPL,call,240.0,0.28866221163845035,2024-12-13,231.3000030517578,2024-10-14
AAPL,put,240.0,0.28866221163845035,2024-12-13,231.3000030517578,2024-10-14
AAPL,call,245.0,0.22791012981541045,2024-12-13,231.3000030517578,2024-10-14
AAPL,put,245.0,0.22791012981541045,2024-12-13,231.3000030517578,2024-10-14
AAPL,call,250.0,0.277889773742663,2024-12-13,231.3000030517578,2024-10-14
AAPL,put,250.0,0.277889773742663,2024-12-13,231.3000030517578,2024-10-14
AAPL,call,255.0,0.2554994980506944,2024-12-13,231.3000030517578,2024-10-14
AAPL,put,255.0,0.2554994980506944,2024-12-13,231.3000030517578,2024-10-14
AAPL,call,260.0,0.2567342411056033,2024-12-13,231.3000030517578,2024-10-14
AAPL,put,260.0,0.2567342411056033,2024-12-13,231.3000030517578,2024-10-14
AAPL,call,262.5,0.2686318278124374,2024-12-13,231.3000030517578,2024-10-14
AAPL,put,262.5,0.2686318278124374,2024-12-13,231.3000030517578,2024-10-14
AAPL,call,267.5,0.21823891818169353,2024-12-13,231.3000030517578,2024-10-14
AAPL,put,267.5,0.21823891818169353,2024-12-13,231.3000030517578,2024-10-14
AAPL,call,272.5,0.2255934224593405,2024-12-13,231.3000030517578,2024-10-14
AAPL,put,272.5,0.2255934224593405,2024-12-13,231.3000030517578,2024-10-14
AAPL,call,277.5,0.27188360546095103,2024-12-13,231.3000030517578,2024-10-14
AAPL,put,277.5,0.27188360546095103,2024-12-13,231.3000030517578,2024-10-14
AMZN,call,150.0,0.23308109552660075,2024-10-25,187.5399932861328,2024-10-14
AMZN,put,150.0,0.23308109552660075,2024-10-25,187.5399932861328,2024-10-14
AMZN,call,154.0,0.23160862492372405,2024-10-25,187.5399932861328,2024-10-14
AMZN,put,154.0,0.23160862492372405,2024-10-25,187.5399932861328,2024-10-14
AMZN,call,158.0,0.20870807947603176,2024-10-25,187.5399932861328,2024-10-14
AMZN,put,158.0,0.20870807947603176,2024-10-25,187.5399932861328,2024-10-14
AMZN,call,161.0,0.23094619974027328,2024-10-25,187.5399932861328,2024-10-14
AMZN,put,161.0,0.23094619974027328,2024-10-25,187.5399932861328,2024-10-14
AMZN,call,165.0,0.24649084192308643,2024-10-25,187.5399932861328,2024-10-14
AMZN,put,165.0,0.24649084192308643,2024-10-25,187.5399932861328,2024-10-14
AMZN,call,169.0,0.26373486270019175,2024-10-25,187.5399932861328,2024-10-14
AMZN,put,169.0,0.26373486270019175,2024-10-25,187.5399932861328,2024-10-14
AMZN,call,173.0,0.2400467947475999,2024-10-25,187.5399932861328,2024-10-14
AMZN,put,173.0,0.2400467947475999,2024-10-25,187.5399932861328,2024-10-14
AMZN,call,176.0,0.2225082403301106,2024-10-25,187.5399932861328,2024-10-14
AMZN,put,176.0,0.2225082403301106,2024-10-25,187.5399932861328,2024-10-14
AMZN,call,180.0,0.21490604662006135,2024-10-25,187.5399932861328,2024-10-14
AMZN,put,180.0,0.21490604662006135,2024-10-25,187.5399932861328,2024-10-14
AMZN,call,184.0,0.23586481078780888,2024-10-25,187.5399932861328,2024-10-14
AMZN,put,184.0,0.23586481078780888,2024-10-25,187.5399932861328,2024-10-14
AMZN,call,188.0,0.2141262898752873,2024-10-25,187.5399932861328,2024-10-14
AMZN,put,188.0,0.2141262898752873,2024-10-25,187.5399932861328,2024-10-14
AMZN,call,191.0,0.20692575732740812,2024-10-25,187.5399932861328,2024-10-14
AMZN,put,191.0,0.20692575732740812,2024-10-25,187.5399932861328,2024-10-14
AMZN,call,195.0,0.17164423353517924,2024-10-25,187.5399932861328,2024-10-14
AMZN,put,195.0,0.17164423353517924,2024-10-25,187.5399932861328,2024-10-14
AMZN,call,199.0,0.19183536033986304,2024-10-25,187.5399932861328,2024-10-14
AMZN,put,199.0,0.19183536033986304,2024-10-25,187.5399932861328,2024-10-14
AMZN,call,203.0,0.20039496782043792,2024-10-25,187.5399932861328,2024-10-14
AMZN,put,203.0,0.20039496782043792,2024-10-25,187.5399932861328,2024-10-14
AMZN,call,206.0,0.19775168876576749,2024-10-25,187.5399932861328,2024-10-14
AMZN,put,206.0,0.19775168876576749,2024-10-25,187.5399932861328,2024-10-14
AMZN,call,210.0,0.19754191267874516,2024-10-25,187.5399932861328,2024-10-14
AMZN,put,210.0,0.19754191267874516,2024-10-25,187.5399932861328,2024-10-14
AMZN,call,214.0,0.21934715987733758,2024-10-25,187.5399932861328,2024-10-14
AMZN,put,214.0,0.21934715987733758,2024-10-25,187.5399932861328,2024-10-14
AMZN,call,218.0,0.15040078583228428,2024-10-25,187.5399932861328,2024-10-14
AMZN,put,218.0,0.15040078583228428,2024-10-25,187.5399932861328,2024-10-14
AMZN,call,221.0,0.199651521512889,2024-10-25,187.5399932861328,2024-10-14
AMZN,put,221.0,0.199651521512889,2024-10-25,187.5399932861328,2024-10-14
AMZN,call,225.0,0.18708279286194496,2024-10-25,187.5399932861328,2024-10-14
AMZN,put,225.0,0.18708279286194496,2024-10-25,187.5399932861328,2024-10-14
AMZN,call,150.0,0.20743132209262602,2024-11-15,187.5399932861328,2024-10-14
AMZN,put,150.0,0.20743132209262602,2024-11-15,187.5399932861328,2024-10-14
AMZN,call,154.0,0.24580436557741997,2024-11-15,187.5399932861328,2024-10-14
AMZN,put,154.0,0.24580436557741997,2024-11-15,187.5399932861328,2024-10-14
AMZN,call,158.0,0.23552213693564905,2024-11-15,187.5399932861328,2024-10-14
AMZN,put,158.0,0.23552213693564905,2024-11-15,187.5399932861328,2024-10-14
AMZN,call,161.0,0.19925383421788262,2024-11-15,187.5399932861328,2024-10-14
AMZN,put,161.0,0.19925383421788262,2024-11-15,187.5399932861328,2024-10-14
AMZN,call,165.0,0.23339495430421256,2024-11-15,187.5399932861328,2024-10-14
AMZN,put,165.0,0.23339495430421256,2024-11-15,187.5399932861328,2024-10-14
AMZN,call,169.0,0.23760181717541298,2024-11-15,187.5399932861328,2024-10-14
AMZN,put,169.0,0.23760181717541298,2024-11-15,187.5399932861328,2024-10-14
AMZN,call,173.0,0.22032335767622255,2024-11-15,187.5399932861328,2024-10-14
AMZN,put,173.0,0.22032335767622255,2024-11-15,187.5399932861328,2024-10-14
AMZN,call,176.0,0.23588190520777283,2024-11-15,187.5399932861328,2024-10-14
AMZN,put,176.0,0.23588190520777283,2024-11-15,187.5399932861328,2024-10-14
AMZN,call,180.0,0.2086321063402837,2024-11-15,187.5399932861328,2024-10-14
AMZN,put,180.0,0.2086321063402837,2024-11-15,187.5399932861328,2024-10-14
AMZN,call,184.0,0.22148770523400305,2024-11-15,187.5399932861328,2024-10-14
AMZN,put,184.0,0.22148770523400305,2024-11-15,187.5399932861328,2024-10-14
AMZN,call,188.0,0.21618480301667523,2024-11-15,187.5399932861328,2024-10-14
AMZN,put,188.0,0.21618480301667523,2024-11-15,187.5399932861328,2024-10-14
AMZN,call,191.0,0.22517561679892073,2024-11-15,187.5399932861328,2024-10-14
AMZN,put,191.0,0.22517561679892073,2024-11-15,187.5399932861328,2024-10-14
AMZN,call,195.0,0.1893910681804284,2024-11-15,187.5399932861328,2024-10-14
AMZN,put,195.0,0.1893910681804284,2024-11-15,187.5399932861328,2024-10-14
AMZN,call,199.0,0.25690087641094966,2024-11-15,187.5399932861328,2024-10-14
AMZN,put,199.0,0.25690087641094966,2024-11-15,187.5399932861328,2024-10-14
AMZN,call,203.0,0.17714928983744357,2024-11-15,187.5399932861328,2024-10-14
AMZN,put,203.0,0.17714928983744357,2024-11-15,187.5399932861328,2024-10-14
AMZN,call,206.0,0.2333428959077753,2024-11-15,187.5399932861328,2024-10-14
AMZN,put,206.0,0.2333428959077753,2024-11-15,187.5399932861328,2024-10-14
AMZN,call,210.0,0.20437045522476133,2024-11-15,187.5399932861328,2024-10-14
AMZN,put,210.0,0.20437045522476133,2024-11-15,187.5399932861328,2024-10-14
AMZN,call,214.0,0.20030294364645745,2024-11-15,187.5399932861328,2024-10-14
AMZN,put,214.0,0.20030294364645745,2024-11-15,187.5399932861328,2024-10-14
AMZN,call,218.0,0.21839463804017814,2024-11-15,187.5399932861328,2024-10-14
AMZN,put,218.0,0.21839463804017814,2024-11-15,187.5399932861328,2024-10-14
AMZN,call,221.0,0.17933213114144134,2024-11-15,187.5399932861328,2024-10-14
AMZN,put,221.0,0.17933213114144134,2024-11-15,187.5399932861328,2024-10-14
AMZN,call,225.0,0.16361862766390475,2024-11-15,187.5399932861328,2024-10-14
AMZN,put,225.0,0.16361862766390475,2024-11-15,187.5399932861328,2024-10-14
AMZN,call,150.0,0.266847216057338,2024-12-13,187.5399932861328,2024-10-14
AMZN,put,150.0,0.266847216057338,2024-12-13,187.5399932861328,2024-10-14
AMZN,call,154.0,0.28224380922420317,2024-12-13,187.5399932861328,2024-10-14
AMZN,put,154.0,0.28224380922420317,2024-12-13,187.5399932861328,2024-10-14
AMZN,call,158.0,0.29175213423538005,2024-12-13,187.5399932861328,2024-10-14
AMZN,put,158.0,0.29175213423538005,2024-12-13,187.5399932861328,2024-10-14
AMZN,call,161.0,0.25072366308577315,2024-12-13,187.5399932861328,2024-10-14
AMZN,put,161.0,0.25072366308577315,2024-12-13,187.5399932861328,2024-10-14
AMZN,call,165.0,0.18496729099824033,2024-12-13,187.5399932861328,2024-10-14
AMZN,put,165.0,0.18496729099824033,2024-12-13,187.5399932861328,2024-10-14
AMZN,call,169.0,0.2426675492346177,2024-12-13,187.5399932861328,2024-10-14
AMZN,put,169.0,0.2426675492346177,2024-12-13,187.5399932861328,2024-10-14
AMZN,call,173.0,0.2473562481651928,2024-12-13,187.5399932861328,2024-10-14
AMZN,put,173.0,0.2473562481651928,2024-12-13,187.5399932861328,2024-10-14
AMZN,call,176.0,0.23502097933348023,2024-12-13,187.5399932861328,2024-10-14
AMZN,put,176.0,0.23502097933348023,2024-12-13,187.5399932861328,2024-10-14
AMZN,call,180.0,0.23975850171683727,2024-12-13,187.5399932861328,2024-10-14
AMZN,put,180.0,0.23975850171683727,2024-12-13,187.5399932861328,2024-10-14
AMZN,call,184.0,0.24210995927128953,2024-12-13,187.5399932861328,2024-10-14
AMZN,put,184.0,0.24210995927128953,2024-12-13,187.5399932861328,2024-10-14
AMZN,call,188.0,0.2332726443685464,2024-12-13,187.5399932861328,2024-10-14
AMZN,put,188.0,0.2332726443685464,2024-12-13,187.5399932861328,2024-10-14
AMZN,call,191.0,0.21461237547362733,2024-12-13,187.5399932861328,2024-10-14
AMZN,put,191.0,0.21461237547362733,2024-12-13,187.5399932861328,2024-10-14
AMZN,call,195.0,0.18800554147086368,2024-12-13,187.5399932861328,2024-10-14
AMZN,put,195.0,0.18800554147086368,2024-12-13,187.5399932861328,2024-10-14
AMZN,call,199.0,0.19926673151158728,2024-12-13,187.5399932861328,2024-10-14
AMZN,put,199.0,0.19926673151158728,2024-12-13,187.5399932861328,2024-10-14
AMZN,call,203.0,0.22296957976315038,2024-12-13,187.5399932861328,2024-10-14
AMZN,put,203.0,0.22296957976315038,2024-12-13,187.5399932861328,2024-10-14
AMZN,call,206.0,0.2319111195113,2024-12-13,187.5399932861328,2024-10-14
AMZN,put,206.0,0.2319111195113,2024-12-13,187.5399932861328,2024-10-14
AMZN,call,210.0,0.23330246251501055,2024-12-13,187.5399932861328,2024-10-14
AMZN,put,210.0,0.23330246251501055,2024-12-13,187.5399932861328,2024-10-14
AMZN,call,214.0,0.21163375009061913,2024-12-13,187.5399932861328,2024-10-14
AMZN,put,214.0,0.21163375009061913,2024-12-13,187.5399932861328,2024-10-14
AMZN,call,218.0,0.1800787867529582,2024-12-13,187.5399932861328,2024-10-14
AMZN,put,218.0,0.1800787867529582,2024-12-13,187.5399932861328,2024-10-14
AMZN,call,221.0,0.209797526996586,2024-12-13,187.5399932861328,2024-10-14
AMZN,put,221.0,0.209797526996586,2024-12-13,187.5399932861328,2024-10-14
AMZN,call,225.0,0.17292614004492457,2024-12-13,187.5399932861328,2024-10-14
AMZN,put,225.0,0.17292614004492457,2024-12-13,187.5399932861328,2024-10-14
JPM,call,177.5,0.25733104322916966,2024-10-25,221.47999572753903,2024-10-14
JPM,put,177.5,0.25733104322916966,2024-10-25,221.47999572753903,2024-10-14
JPM,call,182.5,0.22228626194675152,2024-10-25,221.47999572753903,2024-10-14
JPM,put,182.5,0.22228626194675152,2024-10-25,221.47999572753903,2024-10-14
JPM,call,185.0,0.2560845742944483,2024-10-25,221.47999572753903,2024-10-14
JPM,put,185.0,0.2560845742944483,2024-10-25,221.47999572753903,2024-10-14
JPM,call,190.0,0.251472192398636,2024-10-25,221.47999572753903,2024-10-14
JPM,put,190.0,0.251472192398636,2024-10-25,221.47999572753903,2024-10-14
JPM,call,195.0,0.22328817341546997,2024-10-25,221.47999572753903,2024-10-14
JPM,put,195.0,0.22328817341546997,2024-10-25,221.47999572753903,2024-10-14
JPM,call,200.0,0.24157404902450208,2024-10-25,221.47999572753903,2024-10-14
JPM,put,200.0,0.24157404902450208,2024-10-25,221.47999572753903,2024-10-14
JPM,call,205.0,0.24045451252947728,2024-10-25,221.47999572753903,2024-10-14
JPM,put,205.0,0.24045451252947728,2024-10-25,221.47999572753903,2024-10-14
JPM,call,207.5,0.2208875452344149,2024-10-25,221.47999572753903,2024-10-14
JPM,put,207.5,0.2208875452344149,2024-10-25,221.47999572753903,2024-10-14
JPM,call,212.5,0.22825871432318165,2024-10-25,221.47999572753903,2024-10-14
JPM,put,212.5,0.22825871432318165,2024-10-25,221.47999572753903,2024-10-14
JPM,call,217.5,0.22087345347831802,2024-10-25,221.47999572753903,2024-10-14
JPM,put,217.5,0.22087345347831802,2024-10-25,221.47999572753903,2024-10-14
JPM,call,222.5,0.1849772248169375,2024-10-25,221.47999572753903,2024-10-14
JPM,put,222.5,0.1849772248169375,2024-10-25,221.47999572753903,2024-10-14
JPM,call,225.0,0.20825243539304983,2024-10-25,221.47999572753903,2024-10-14
JPM,put,225.0,0.20825243539304983,2024-10-25,221.47999572753903,2024-10-14
JPM,call,230.0,0.26323939905773863,2024-10-25,221.47999572753903,2024-10-14
JPM,put,230.0,0.26323939905773863,2024-10-25,221.47999572753903,2024-10-14
JPM,call,235.0,0.2218508546069871,2024-10-25,221.47999572753903,2024-10-14
JPM,put,235.0,0.2218508546069871,2024-10-25,221.47999572753903,2024-10-14
JPM,call,240.0,0.17293016598925876,2024-10-25,221.47999572753903,2024-10-14
JPM,put,240.0,0.17293016598925876,2024-10-25,221.47999572753903,2024-10-14
JPM,call,242.5,0.21540923309121815,2024-10-25,221.47999572753903,2024-10-14
JPM,put,242.5,0.21540923309121815,2024-10-25,221.47999572753903,2024-10-14
JPM,call,247.5,0.21608287813857804,2024-10-25,221.47999572753903,2024-10-14
JPM,put,247.5,0.21608287813857804,2024-10-25,221.47999572753903,2024-10-14
JPM,call,252.5,0.2059150442105754,2024-10-25,221.47999572753903,2024-10-14
JPM,put,252.5,0.2059150442105754,2024-10-25,221.47999572753903,2024-10-14
JPM,call,257.5,0.21291482815026827,2024-10-25,221.47999572753903,2024-10-14
JPM,put,257.5,0.21291482815026827,2024-10-25,221.47999572753903,2024-10-14
JPM,call,262.5,0.21772398643929805,2024-10-25,221.47999572753903,2024-10-14
JPM,put,262.5,0.21772398643929805,2024-10-25,221.47999572753903,2024-10-14
JPM,call,265.0,0.23488874238920404,2024-10-25,221.47999572753903,2024-10-14
JPM,put,265.0,0.23488874238920404,2024-10-25,221.47999572753903,2024-10-14
JPM,call,177.5,0.2760496541828574,2024-11-15,221.47999572753903,2024-10-14
JPM,put,177.5,0.2760496541828574,2024-11-15,221.47999572753903,2024-10-14
JPM,call,182.5,0.24881456591785805,2024-11-15,221.47999572753903,2024-10-14
JPM,put,182.5,0.24881456591785805,2024-11-15,221.47999572753903,2024-10-14
JPM,call,185.0,0.20860377743820796,2024-11-15,221.47999572753903,2024-10-14
JPM,put,185.0,0.20860377743820796,2024-11-15,221.47999572753903,2024-10-14
JPM,call,190.0,0.20607255094767174,2024-11-15,221.47999572753903,2024-10-14
JPM,put,190.0,0.20607255094767174,2024-11-15,221.47999572753903,2024-10-14
JPM,call,195.0,0.252277216555866,2024-11-15,221.47999572753903,2024-10-14
JPM,put,195.0,0.252277216555866,2024-11-15,221.47999572753903,2024-10-14
JPM,call,200.0,0.2400538793981372,2024-11-15,221.47999572753903,2024-10-14
JPM,put,200.0,0.2400538793981372,2024-11-15,221.47999572753903,2024-10-14
JPM,call,205.0,0.23057307714559958,2024-11-15,221.47999572753903,2024-10-14
JPM,put,205.0,0.23057307714559958,2024-11-15,221.47999572753903,2024-10-14
JPM,call,207.5,0.2578391372667731,2024-11-15,221.47999572753903,2024-10-14
JPM,put,207.5,0.2578391372667731,2024-11-15,221.47999572753903,2024-10-14
JPM,call,212.5,0.20398531515269175,2024-11-15,221.47999572753903,2024-10-14
JPM,put,212.5,0.20398531515269175,2024-11-15,221.47999572753903,2024-10-14
JPM,call,217.5,0.19960180999810678,2024-11-15,221.47999572753903,2024-10-14
JPM,put,217.5,0.19960180999810678,2024-11-15,221.47999572753903,2024-10-14
JPM,call,222.5,0.20559807345248463,2024-11-15,221.47999572753903,2024-10-14
JPM,put,222.5,0.20559807345248463,2024-11-15,221.47999572753903,2024-10-14
JPM,call,225.0,0.22268031529868945,2024-11-15,221.47999572753903,2024-10-14
JPM,put,225.0,0.22268031529868945,2024-11-15,221.47999572753903,2024-10-14
JPM,call,230.0,0.19470669189938902,2024-11-15,221.47999572753903,2024-10-14
JPM,put,230.0,0.19470669189938902,2024-11-15,221.47999572753903,2024-10-14
JPM,call,235.0,0.21405131810698436,2024-11-15,221.47999572753903,2024-10-14
JPM,put,235.0,0.21405131810698436,2024-11-15,221.47999572753903,2024-10-14
JPM,call,240.0,0.20395412096220478,2024-11-15,221.47999572753903,2024-10-14
JPM,put,240.0,0.20395412096220478,2024-11-15,221.47999572753903,2024-10-14
JPM,call,242.5,0.2057545123790948,2024-11-15,221.47999572753903,2024-10-14
JPM,put,242.5,0.2057545123790948,2024-11-15,221.47999572753903,2024-10-14
JPM,call,247.5,0.20095952905137285,2024-11-15,221.47999572753903,2024-10-14
JPM,put,247.5,0.20095952905137285,2024-11-15,221.47999572753903,2024-10-14
JPM,call,252.5,0.17214971393614734,2024-11-15,221.47999572753903,2024-10-14
JPM,put,252.5,0.17214971393614734,2024-11-15,221.47999572753903,2024-10-14
JPM,call,257.5,0.21278545467801432,2024-11-15,221.47999572753903,2024-10-14
JPM,put,257.5,0.21278545467801432,2024-11-15,221.47999572753903,2024-10-14
JPM,call,262.5,0.21535203183297885,2024-11-15,221.47999572753903,2024-10-14
JPM,put,262.5,0.21535203183297885,2024-11-15,221.47999572753903,2024-10-14
JPM,call,265.0,0.15982371123785497,2024-11-15,221.47999572753903,2024-10-14
JPM,put,265.0,0.15982371123785497,2024-11-15,221.47999572753903,2024-10-14
JPM,call,177.5,0.2378674783154259,2024-12-13,221.47999572753903,2024-10-14
JPM,put,177.5,0.2378674783154259,2024-12-13,221.47999572753903,2024-10-14
JPM,call,182.5,0.2545569869152328,2024-12-13,221.47999572753903,2024-10-14
JPM,put,182.5,0.2545569869152328,2024-12-13,221.47999572753903,2024-10-14
JPM,call,185.0,0.248608839826049,2024-12-13,221.47999572753903,2024-10-14
JPM,put,185.0,0.248608839826049,2024-12-13,221.47999572753903,2024-10-14
JPM,call,190.0,0.21003912835248667,2024-12-13,221.47999572753903,2024-10-14
JPM,put,190.0,0.21003912835248667,2024-12-13,221.47999572753903,2024-10-14
JPM,call,195.0,0.23850303852876115,2024-12-13,221.47999572753903,2024-10-14
JPM,put,195.0,0.23850303852876115,2024-12-13,221.47999572753903,2024-10-14
JPM,call,200.0,0.2206314667805178,2024-12-13,221.47999572753903,2024-10-14
JPM,put,200.0,0.2206314667805178,2024-12-13,221.47999572753903,2024-10-14
JPM,call,205.0,0.2584546493700478,2024-12-13,221.47999572753903,2024-10-14
JPM,put,205.0,0.2584546493700478,2024-12-13,221.47999572753903,2024-10-14
JPM,call,207.5,0.24549220448388645,2024-12-13,221.47999572753903,2024-10-14
JPM,put,207.5,0.24549220448388645,2024-12-13,221.47999572753903,2024-10-14
JPM,call,212.5,0.25774977412046635,2024-12-13,221.47999572753903,2024-10-14
JPM,put,212.5,0.25774977412046635,2024-12-13,221.47999572753903,2024-10-14
JPM,call,217.5,0.21029408739191957,2024-12-13,221.47999572753903,2024-10-14
JPM,put,217.5,0.21029408739191957,2024-12-13,221.47999572753903,2024-10-14
JPM,call,222.5,0.23496858241407872,2024-12-13,221.47999572753903,2024-10-14
JPM,put,222.5,0.23496858241407872,2024-12-13,221.47999572753903,2024-10-14
JPM,call,225.0,0.20708860068946358,2024-12-13,221.47999572753903,2024-10-14
JPM,put,225.0,0.20708860068946358,2024-12-13,221.47999572753903,2024-10-14
JPM,call,230.0,0.23137916660289692,2024-12-13,221.47999572753903,2024-10-14
JPM,put,230.0,0.23137916660289692,2024-12-13,221.47999572753903,2024-10-14
JPM,call,235.0,0.21248607425850058,2024-12-13,221.47999572753903,2024-10-14
JPM,put,235.0,0.21248607425850058,2024-12-13,221.47999572753903,2024-10-14
JPM,call,240.0,0.1917019546751376,2024-12-13,221.47999572753903,2024-10-14
JPM,put,240.0,0.1917019546751376,2024-12-13,221.47999572753903,2024-10-14
JPM,call,242.5,0.19698222711875385,2024-12-13,221.47999572753903,2024-10-14
JPM,put,242.5,0.19698222711875385,2024-12-13,221.47999572753903,2024-10-14
JPM,call,247.5,0.20400231849546607,2024-12-13,221.47999572753903,2024-10-14
JPM,put,247.5,0.20400231849546607,2024-12-13,221.47999572753903,2024-10-14
JPM,call,252.5,0.2207897175399695,2024-12-13,221.47999572753903,2024-10-14
JPM,put,252.5,0.2207897175399695,2024-12-13,221.47999572753903,2024-10-14
JPM,call,257.5,0.1744628781960409,2024-12-13,221.47999572753903,2024-10-14
JPM,put,257.5,0.1744628781960409,2024-12-13,221.47999572753903,2024-10-14
JPM,call,262.5,0.24825004239965856,2024-12-13,221.47999572753903,2024-10-14
JPM,put,262.5,0.24825004239965856,2024-12-13,221.47999572753903,2024-10-14
JPM,call,265.0,0.2056518624598665,2024-12-13,221.47999572753903,2024-10-14
JPM,put,265.0,0.2056518624598665,2024-12-13,221.47999572753903,2024-10-14
MSFT,call,335.0,0.17917321097827682,2024-10-25,419.1400146484375,2024-10-14
MSFT,put,335.0,0.17917321097827682,2024-10-25,419.1400146484375,2024-10-14
MSFT,call,342.5,0.1805147665585527,2024-10-25,419.1400146484375,2024-10-14
MSFT,put,342.5,0.1805147665585527,2024-10-25,419.1400146484375,2024-10-14
MSFT,call,352.5,0.16397027141718842,2024-10-25,419.1400146484375,2024-10-14
MSFT,put,352.5,0.16397027141718842,2024-10-25,419.1400146484375,2024-10-14
MSFT,call,360.0,0.16863466172167185,2024-10-25,419.1400146484375,2024-10-14
MSFT,put,360.0,0.16863466172167185,2024-10-25,419.1400146484375,2024-10-14
MSFT,call,370.0,0.1948964264016717,2024-10-25,419.1400146484375,2024-10-14
MSFT,put,370.0,0.1948964264016717,2024-10-25,419.1400146484375,2024-10-14
MSFT,call,377.5,0.13801861872214005,2024-10-25,419.1400146484375,2024-10-14
MSFT,put,377.5,0.13801861872214005,2024-10-25,419.1400146484375,2024-10-14
MSFT,call,385.0,0.17183941672644673,2024-10-25,419.1400146484375,2024-10-14
MSFT,put,385.0,0.17183941672644673,2024-10-25,419.1400146484375,2024-10-14
MSFT,call,395.0,0.18190305856775038,2024-10-25,419.1400146484375,2024-10-14
MSFT,put,395.0,0.18190305856775038,2024-10-25,419.1400146484375,2024-10-14
MSFT,call,402.5,0.18662521014112093,2024-10-25,419.1400146484375,2024-10-14
MSFT,put,402.5,0.18662521014112093,2024-10-25,419.1400146484375,2024-10-14
MSFT,call,410.0,0.1270400234448734,2024-10-25,419.1400146484375,2024-10-14
MSFT,put,410.0,0.1270400234448734,2024-10-25,419.1400146484375,2024-10-14
MSFT,call,420.0,0.16419186648116604,2024-10-25,419.1400146484375,2024-10-14
MSFT,put,420.0,0.16419186648116604,2024-10-25,419.1400146484375,2024-10-14
MSFT,call,427.5,0.11955425733133325,2024-10-25,419.1400146484375,2024-10-14
MSFT,put,427.5,0.11955425733133325,2024-10-25,419.1400146484375,2024-10-14
MSFT,call,435.0,0.14300982907609272,2024-10-25,419.1400146484375,2024-10-14
MSFT,put,435.0,0.14300982907609272,2024-10-25,419.1400146484375,2024-10-14
MSFT,call,445.0,0.1538100352052652,2024-10-25,419.1400146484375,2024-10-14
MSFT,put,445.0,0.1538100352052652,2024-10-25,419.1400146484375,2024-10-14
MSFT,call,452.5,0.15088333496837478,2024-10-25,419.1400146484375,2024-10-14
MSFT,put,452.5,0.15088333496837478,2024-10-25,419.1400146484375,2024-10-14
MSFT,call,460.0,0.1423137075116097,2024-10-25,419.1400146484375,2024-10-14
MSFT,put,460.0,0.1423137075116097,2024-10-25,419.1400146484375,2024-10-14
MSFT,call,470.0,0.1580865746903683,2024-10-25,419.1400146484375,2024-10-14
MSFT,put,470.0,0.1580865746903683,2024-10-25,419.1400146484375,2024-10-14
MSFT,call,477.5,0.1619247542199634,2024-10-25,419.1400146484375,2024-10-14
MSFT,put,477.5,0.1619247542199634,2024-10-25,419.1400146484375,2024-10-14
MSFT,call,485.0,0.147094044211115,2024-10-25,419.1400146484375,2024-10-14
MSFT,put,485.0,0.147094044211115,2024-10-25,419.1400146484375,2024-10-14
MSFT,call,495.0,0.12491105520076244,2024-10-25,419.1400146484375,2024-10-14
MSFT,put,495.0,0.12491105520076244,2024-10-25,419.1400146484375,2024-10-14
MSFT,call,502.5,0.13122162726858133,2024-10-25,419.1400146484375,2024-10-14
MSFT,put,502.5,0.13122162726858133,2024-10-25,419.1400146484375,2024-10-14
MSFT,call,335.0,0.18455540950286817,2024-11-15,419.1400146484375,2024-10-14
MSFT,put,335.0,0.18455540950286817,2024-11-15,419.1400146484375,2024-10-14
MSFT,call,342.5,0.18863688711721216,2024-11-15,419.1400146484375,2024-10-14
MSFT,put,342.5,0.18863688711721216,2024-11-15,419.1400146484375,2024-10-14
MSFT,call,352.5,0.1759717844522462,2024-11-15,419.1400146484375,2024-10-14
MSFT,put,352.5,0.1759717844522462,2024-11-15,419.1400146484375,2024-10-14
MSFT,call,360.0,0.14648970544522974,2024-11-15,419.1400146484375,2024-10-14
MSFT,put,360.0,0.14648970544522974,2024-11-15,419.1400146484375,2024-10-14
MSFT,call,370.0,0.15903065440095865,2024-11-15,419.1400146484375,2024-10-14
MSFT,put,370.0,0.15903065440095865,2024-11-15,419.1400146484375,2024-10-14
MSFT,call,377.5,0.17176950567946553,2024-11-15,419.1400146484375,2024-10-14
MSFT,put,377.5,0.17176950567946553,2024-11-15,419.1400146484375,2024-10-14
MSFT,call,385.0,0.13845591681160105,2024-11-15,419.1400146484375,2024-10-14
MSFT,put,385.0,0.13845591681160105,2024-11-15,419.1400146484375,2024-10-14
MSFT,call,395.0,0.15808649049180196,2024-11-15,419.1400146484375,2024-10-14
MSFT,put,395.0,0.15808649049180196,2024-11-15,419.1400146484375,2024-10-14
MSFT,call,402.5,0.1526667314688297,2024-11-15,419.1400146484375,2024-10-14
MSFT,put,402.5,0.1526667314688297,2024-11-15,419.1400146484375,2024-10-14
MSFT,call,410.0,0.177226945099508,2024-11-15,419.1400146484375,2024-10-14
MSFT,put,410.0,0.177226945099508,2024-11-15,419.1400146484375,2024-10-14
MSFT,call,420.0,0.17959864057126954,2024-11-15,419.1400146484375,2024-10-14
MSFT,put,420.0,0.17959864057126954,2024-11-15,419.1400146484375,2024-10-14
MSFT,call,427.5,0.13636946274011907,2024-11-15,419.1400146484375,2024-10-14
MSFT,put,427.5,0.13636946274011907,2024-11-15,419.1400146484375,2024-10-14
MSFT,call,435.0,0.183273332578578,2024-11-15,419.1400146484375,2024-10-14
MSFT,put,435.0,0.183273332578578,2024-11-15,419.1400146484375,2024-10-14
MSFT,call,445.0,0.18427530952447543,2024-11-15,419.1400146484375,2024-10-14
MSFT,put,445.0,0.18427530952447543,2024-11-15,419.1400146484375,2024-10-14
MSFT,call,452.5,0.1414240892915326,2024-11-15,419.1400146484375,2024-10-14
MSFT,put,452.5,0.1414240892915326,2024-11-15,419.1400146484375,2024-10-14
MSFT,call,460.0,0.14556344054104445,2024-11-15,419.1400146484375,2024-10-14
MSFT,put,460.0,0.14556344054104445,2024-11-15,419.1400146484375,2024-10-14
MSFT,call,470.0,0.13534061359499894,2024-11-15,419.1400146484375,2024-10-14
MSFT,put,470.0,0.13534061359499894,2024-11-15,419.1400146484375,2024-10-14
MSFT,call,477.5,0.1304703806653726,2024-11-15,419.1400146484375,2024-10-14
MSFT,put,477.5,0.1304703806653726,2024-11-15,419.1400146484375,2024-10-14
MSFT,call,485.0,0.11370634850207849,2024-11-15,419.1400146484375,2024-10-14
MSFT,put,485.0,0.11370634850207849,2024-11-15,419.1400146484375,2024-10-14
MSFT,call,495.0,0.08747679608495573,2024-11-15,419.1400146484375,2024-10-14
MSFT,put,495.0,0.08747679608495573,2024-11-15,419.1400146484375,2024-10-14
MSFT,call,502.5,0.1424589598778228,2024-11-15,419.1400146484375,2024-10-14
MSFT,put,502.5,0.1424589598778228,2024-11-15,419.1400146484375,2024-10-14
MSFT,call,335.0,0.21072683148229887,2024-12-13,419.1400146484375,2024-10-14
MSFT,put,335.0,0.21072683148229887,2024-12-13,419.1400146484375,2024-10-14
MSFT,call,342.5,0.15278798524927567,2024-12-13,419.1400146484375,2024-10-14
MSFT,put,342.5,0.15278798524927567,2024-12-13,419.1400146484375,2024-10-14
MSFT,call,352.5,0.18603159007362963,2024-12-13,419.1400146484375,2024-10-14
MSFT,put,352.5,0.18603159007362963,2024-12-13,419.1400146484375,2024-10-14
MSFT,call,360.0,0.15936796664842717,2024-12-13,419.1400146484375,2024-10-14
MSFT,put,360.0,0.15936796664842717,2024-12-13,419.1400146484375,2024-10-14
MSFT,call,370.0,0.17304215803083725,2024-12-13,419.1400146484375,2024-10-14
MSFT,put,370.0,0.17304215803083725,2024-12-13,419.1400146484375,2024-10-14
MSFT,call,377.5,0.16426415656129384,2024-12-13,419.1400146484375,2024-10-14
MSFT,put,377.5,0.16426415656129384,2024-12-13,419.1400146484375,2024-10-14
MSFT,call,385.0,0.17670021864473248,2024-12-13,419.1400146484375,2024-10-14
MSFT,put,385.0,0.17670021864473248,2024-12-13,419.1400146484375,2024-10-14
MSFT,call,395.0,0.17534793742769456,2024-12-13,419.1400146484375,2024-10-14
MSFT,put,395.0,0.17534793742769456,2024-12-13,419.1400146484375,2024-10-14
MSFT,call,402.5,0.1755993524825156,2024-12-13,419.1400146484375,2024-10-14
MSFT,put,402.5,0.1755993524825156,2024-12-13,419.1400146484375,2024-10-14
MSFT,call,410.0,0.17777758211389885,2024-12-13,419.1400146484375,2024-10-14
MSFT,put,410.0,0.17777758211389885,2024-12-13,419.1400146484375,2024-10-14
MSFT,call,420.0,0.18590115960277934,2024-12-13,419.1400146484375,2024-10-14
MSFT,put,420.0,0.18590115960277934,2024-12-13,419.1400146484375,2024-10-14
MSFT,call,427.5,0.13660219314419364,2024-12-13,419.1400146484375,2024-10-14
MSFT,put,427.5,0.13660219314419364,2024-12-13,419.1400146484375,2024-10-14
MSFT,call,435.0,0.14493250436274657,2024-12-13,419.1400146484375,2024-10-14
MSFT,put,435.0,0.14493250436274657,2024-12-13,419.1400146484375,2024-10-14
MSFT,call,445.0,0.17643231798678782,2024-12-13,419.1400146484375,2024-10-14
MSFT,put,445.0,0.17643231798678782,2024-12-13,419.1400146484375,2024-10-14
MSFT,call,452.5,0.13396273026266786,2024-12-13,419.1400146484375,2024-10-14
MSFT,put,452.5,0.13396273026266786,2024-12-13,419.1400146484375,2024-10-14
MSFT,call,460.0,0.17104316166919128,2024-12-13,419.1400146484375,2024-10-14
MSFT,put,460.0,0.17104316166919128,2024-12-13,419.1400146484375,2024-10-14
MSFT,call,470.0,0.15144188400935354,2024-12-13,419.1400146484375,2024-10-14
MSFT,put,470.0,0.15144188400935354,2024-12-13,419.1400146484375,2024-10-14
MSFT,call,477.5,0.17038770022028105,2024-12-13,419.1400146484375,2024-10-14
MSFT,put,477.5,0.17038770022028105,2024-12-13,419.1400146484375,2024-10-14
MSFT,call,485.0,0.15013396281786642,2024-12-13,419.1400146484375,2024-10-14
MSFT,put,485.0,0.15013396281786642,2024-12-13,419.1400146484375,2024-10-14
MSFT,call,495.0,0.14161216605320529,2024-12-13,419.1400146484375,2024-10-14
MSFT,put,495.0,0.14161216605320529,2024-12-13,419.1400146484375,2024-10-14
MSFT,call,502.5,0.14292974674255843,2024-12-13,419.1400146484375,2024-10-14
MSFT,put,502.5,0.14292974674255843,2024-12-13,419.1400146484375,2024-10-14
NVDA,call,110.0,0.3686653925456732,2024-10-25,138.07000732421875,2024-10-14
NVDA,put,110.0,0.3686653925456732,2024-10-25,138.07000732421875,2024-10-14
NVDA,call,113.0,0.40662981232358464,2024-10-25,138.07000732421875,2024-10-14
NVDA,put,113.0,0.40662981232358464,2024-10-25,138.07000732421875,2024-10-14
NVDA,call,116.0,0.3945106426169335,2024-10-25,138.07000732421875,2024-10-14
NVDA,put,116.0,0.3945106426169335,2024-10-25,138.07000732421875,2024-10-14
NVDA,call,119.0,0.40820110620754274,2024-10-25,138.07000732421875,2024-10-14
NVDA,put,119.0,0.40820110620754274,2024-10-25,138.07000732421875,2024-10-14
NVDA,call,122.0,0.3935859353718549,2024-10-25,138.07000732421875,2024-10-14
NVDA,put,122.0,0.3935859353718549,2024-10-25,138.07000732421875,2024-10-14
NVDA,call,124.0,0.36090214015133676,2024-10-25,138.07000732421875,2024-10-14
NVDA,put,124.0,0.36090214015133676,2024-10-25,138.07000732421875,2024-10-14
NVDA,call,127.0,0.37566271828079706,2024-10-25,138.07000732421875,2024-10-14
NVDA,put,127.0,0.37566271828079706,2024-10-25,138.07000732421875,2024-10-14
NVDA,call,130.0,0.3808763390435935,2024-10-25,138.07000732421875,2024-10-14
NVDA,put,130.0,0.3808763390435935,2024-10-25,138.07000732421875,2024-10-14
NVDA,call,133.0,0.36754427625117786,2024-10-25,138.07000732421875,2024-10-14
NVDA,put,133.0,0.36754427625117786,2024-10-25,138.07000732421875,2024-10-14
NVDA,call,135.0,0.38232906036846326,2024-10-25,138.07000732421875,2024-10-14
NVDA,put,135.0,0.38232906036846326,2024-10-25,138.07000732421875,2024-10-14
NVDA,call,138.0,0.3602869570751765,2024-10-25,138.07000732421875,2024-10-14
NVDA,put,138.0,0.3602869570751765,2024-10-25,138.07000732421875,2024-10-14
NVDA,call,141.0,0.35757431316463384,2024-10-25,138.07000732421875,2024-10-14
NVDA,put,141.0,0.35757431316463384,2024-10-25,138.07000732421875,2024-10-14
NVDA,call,144.0,0.32035748221277566,2024-10-25,138.07000732421875,2024-10-14
NVDA,put,144.0,0.32035748221277566,2024-10-25,138.07000732421875,2024-10-14
NVDA,call,146.0,0.36143619549351336,2024-10-25,138.07000732421875,2024-10-14
NVDA,put,146.0,0.36143619549351336,2024-10-25,138.07000732421875,2024-10-14
NVDA,call,149.0,0.3656602989212566,2024-10-25,138.07000732421875,2024-10-14
NVDA,put,149.0,0.3656602989212566,2024-10-25,138.07000732421875,2024-10-14
NVDA,call,152.0,0.32504326299518316,2024-10-25,138.07000732421875,2024-10-14
NVDA,put,152.0,0.32504326299518316,2024-10-25,138.07000732421875,2024-10-14
NVDA,call,155.0,0.3136472101837547,2024-10-25,138.07000732421875,2024-10-14
NVDA,put,155.0,0.3136472101837547,2024-10-25,138.07000732421875,2024-10-14
NVDA,call,157.0,0.32372656944022826,2024-10-25,138.07000732421875,2024-10-14
NVDA,put,157.0,0.32372656944022826,2024-10-25,138.07000732421875,2024-10-14
NVDA,call,160.0,0.3621388325293362,2024-10-25,138.07000732421875,2024-10-14
NVDA,put,160.0,0.3621388325293362,2024-10-25,138.07000732421875,2024-10-14
NVDA,call,163.0,0.3569254620206003,2024-10-25,138.07000732421875,2024-10-14
NVDA,put,163.0,0.3569254620206003,2024-10-25,138.07000732421875,2024-10-14
NVDA,call,166.0,0.3188489255736717,2024-10-25,138.07000732421875,2024-10-14
NVDA,put,166.0,0.3188489255736717,2024-10-25,138.07000732421875,2024-10-14
NVDA,call,110.0,0.3854103698876043,2024-11-15,138.07000732421875,2024-10-14
NVDA,put,110.0,0.3854103698876043,2024-11-15,138.07000732421875,2024-10-14
NVDA,call,113.0,0.38656420590722435,2024-11-15,138.07000732421875,2024-10-14
NVDA,put,113.0,0.38656420590722435,2024-11-15,138.07000732421875,2024-10-14
NVDA,call,116.0,0.3710360161802436,2024-11-15,138.07000732421875,2024-10-14
NVDA,put,116.0,0.3710360161802436,2024-11-15,138.07000732421875,2024-10-14
NVDA,call,119.0,0.37223998198207653,2024-11-15,138.07000732421875,2024-10-14
NVDA,put,119.0,0.37223998198207653,2024-11-15,138.07000732421875,2024-10-14
NVDA,call,122.0,0.3970986459781862,2024-11-15,138.07000732421875,2024-10-14
NVDA,put,122.0,0.3970986459781862,2024-11-15,138.07000732421875,2024-10-14
NVDA,call,124.0,0.38862809530505077,2024-11-15,138.07000732421875,2024-10-14
NVDA,put,124.0,0.38862809530505077,2024-11-15,138.07000732421875,2024-10-14
NVDA,call,127.0,0.36928200335679473,2024-11-15,138.07000732421875,2024-10-14
NVDA,put,127.0,0.36928200335679473,2024-11-15,138.07000732421875,2024-10-14
NVDA,call,130.0,0.3821667457499065,2024-11-15,138.07000732421875,2024-10-14
NVDA,put,130.0,0.3821667457499065,2024-11-15,138.07000732421875,2024-10-14
NVDA,call,133.0,0.3790179614792889,2024-11-15,138.07000732421875,2024-10-14
NVDA,put,133.0,0.3790179614792889,2024-11-15,138.07000732421875,2024-10-14
NVDA,call,135.0,0.40147281094277587,2024-11-15,138.07000732421875,2024-10-14
NVDA,put,135.0,0.40147281094277587,2024-11-15,138.07000732421875,2024-10-14
NVDA,call,138.0,0.3466324149052295,2024-11-15,138.07000732421875,2024-10-14
NVDA,put,138.0,0.3466324149052295,2024-11-15,138.07000732421875,2024-10-14
NVDA,call,141.0,0.3909420877779126,2024-11-15,138.07000732421875,2024-10-14
NVDA,put,141.0,0.3909420877779126,2024-11-15,138.07000732421875,2024-10-14
NVDA,call,144.0,0.37614040170700747,2024-11-15,138.07000732421875,2024-10-14
NVDA,put,144.0,0.37614040170700747,2024-11-15,138.07000732421875,2024-10-14
NVDA,call,146.0,0.3367696954185402,2024-11-15,138.07000732421875,2024-10-14
NVDA,put,146.0,0.3367696954185402,2024-11-15,138.07000732421875,2024-10-14
NVDA,call,149.0,0.35741846928912563,2024-11-15,138.07000732421875,2024-10-14
NVDA,put,149.0,0.35741846928912563,2024-11-15,138.07000732421875,2024-10-14
NVDA,call,152.0,0.3314555638569035,2024-11-15,138.07000732421875,2024-10-14
NVDA,put,152.0,0.3314555638569035,2024-11-15,138.07000732421875,2024-10-14
NVDA,call,155.0,0.3601934914632993,2024-11-15,138.07000732421875,2024-10-14
NVDA,put,155.0,0.3601934914632993,2024-11-15,138.07000732421875,2024-10-14
NVDA,call,157.0,0.3418235348808092,2024-11-15,138.07000732421875,2024-10-14
NVDA,put,157.0,0.3418235348808092,2024-11-15,138.07000732421875,2024-10-14
NVDA,call,160.0,0.3202425556686625,2024-11-15,138.07000732421875,2024-10-14
NVDA,put,160.0,0.3202425556686625,2024-11-15,138.07000732421875,2024-10-14
NVDA,call,163.0,0.34753319945126,2024-11-15,138.07000732421875,2024-10-14
NVDA,put,163.0,0.34753319945126,2024-11-15,138.07000732421875,2024-10-14
NVDA,call,166.0,0.3250890444016753,2024-11-15,138.07000732421875,2024-10-14
NVDA,put,166.0,0.3250890444016753,2024-11-15,138.07000732421875,2024-10-14
NVDA,call,110.0,0.3928844045851501,2024-12-13,138.07000732421875,2024-10-14
NVDA,put,110.0,0.3928844045851501,2024-12-13,138.07000732421875,2024-10-14
NVDA,call,113.0,0.4037789871962046,2024-12-13,138.07000732421875,2024-10-14
NVDA,put,113.0,0.4037789871962046,2024-12-13,138.07000732421875,2024-10-14
NVDA,call,116.0,0.4209001134989929,2024-12-13,138.07000732421875,2024-10-14
NVDA,put,116.0,0.4209001134989929,2024-12-13,138.07000732421875,2024-10-14
NVDA,call,119.0,0.4009591199364356,2024-12-13,138.07000732421875,2024-10-14
NVDA,put,119.0,0.4009591199364356,2024-12-13,138.07000732421875,2024-10-14
NVDA,call,122.0,0.38044966856031515,2024-12-13,138.07000732421875,2024-10-14
NVDA,put,122.0,0.38044966856031515,2024-12-13,138.07000732421875,2024-10-14
NVDA,call,124.0,0.3841476691524108,2024-12-13,138.07000732421875,2024-10-14
NVDA,put,124.0,0.3841476691524108,2024-12-13,138.07000732421875,2024-10-14
NVDA,call,127.0,0.3978346361184465,2024-12-13,138.07000732421875,2024-10-14
NVDA,put,127.0,0.3978346361184465,2024-12-13,138.07000732421875,2024-10-14
NVDA,call,130.0,0.40788341085304164,2024-12-13,138.07000732421875,2024-10-14
NVDA,put,130.0,0.40788341085304164,2024-12-13,138.07000732421875,2024-10-14
NVDA,call,133.0,0.3638659567002195,2024-12-13,138.07000732421875,2024-10-14
NVDA,put,133.0,0.3638659567002195,2024-12-13,138.07000732421875,2024-10-14
NVDA,call,135.0,0.38304997025177356,2024-12-13,138.07000732421875,2024-10-14
NVDA,put,135.0,0.38304997025177356,2024-12-13,138.07000732421875,2024-10-14
NVDA,call,138.0,0.3822591232872326,2024-12-13,138.07000732421875,2024-10-14
NVDA,put,138.0,0.3822591232872326,2024-12-13,138.07000732421875,2024-10-14
NVDA,call,141.0,0.3833407420795385,2024-12-13,138.07000732421875,2024-10-14
NVDA,put,141.0,0.3833407420795385,2024-12-13,138.07000732421875,2024-10-14
NVDA,call,144.0,0.38728629106715573,2024-12-13,138.07000732421875,2024-10-14
NVDA,put,144.0,0.38728629106715573,2024-12-13,138.07000732421875,2024-10-14
NVDA,call,146.0,0.3341625280710177,2024-12-13,138.07000732421875,2024-10-14
NVDA,put,146.0,0.3341625280710177,2024-12-13,138.07000732421875,2024-10-14
NVDA,call,149.0,0.34963471411920233,2024-12-13,138.07000732421875,2024-10-14
NVDA,put,149.0,0.34963471411920233,2024-12-13,138.07000732421875,2024-10-14
NVDA,call,152.0,0.350587912779284,2024-12-13,138.07000732421875,2024-10-14
NVDA,put,152.0,0.350587912779284,2024-12-13,138.07000732421875,2024-10-14
NVDA,call,155.0,0.3531208337259834,2024-12-13,138.07000732421875,2024-10-14
NVDA,put,155.0,0.3531208337259834,2024-12-13,138.07000732421875,2024-10-14
NVDA,call,157.0,0.3570537369607744,2024-12-13,138.07000732421875,2024-10-14
NVDA,put,157.0,0.3570537369607744,2024-12-13,138.07000732421875,2024-10-14
NVDA,call,160.0,0.3493052742973965,2024-12-13,138.07000732421875,2024-10-14
NVDA,put,160.0,0.3493052742973965,2024-12-13,138.07000732421875,2024-10-14
NVDA,call,163.0,0.31175499453854527,2024-12-13,138.07000732421875,2024-10-14
NVDA,put,163.0,0.31175499453854527,2024-12-13,138.07000732421875,2024-10-14
NVDA,call,166.0,0.3007918350299287,2024-12-13,138.07000732421875,2024-10-14
NVDA,put,166.0,0.3007918350299287,2024-12-13,138.07000732421875,2024-10-14
TSLA,call,175.0,0.6189938696505268,2024-10-25,219.16000366210935,2024-10-14
TSLA,put,175.0,0.6189938696505268,2024-10-25,219.16000366210935,2024-10-14
TSLA,call,180.0,0.6226260976347201,2024-10-25,219.16000366210935,2024-10-14
TSLA,put,180.0,0.6226260976347201,2024-10-25,219.16000366210935,2024-10-14
TSLA,call,185.0,0.5747651986779577,2024-10-25,219.16000366210935,2024-10-14
TSLA,put,185.0,0.5747651986779577,2024-10-25,219.16000366210935,2024-10-14
TSLA,call,187.5,0.5936055660307581,2024-10-25,219.16000366210935,2024-10-14
TSLA,put,187.5,0.5936055660307581,2024-10-25,219.16000366210935,2024-10-14
TSLA,call,192.5,0.5978037649672404,2024-10-25,219.16000366210935,2024-10-14
TSLA,put,192.5,0.5978037649672404,2024-10-25,219.16000366210935,2024-10-14
TSLA,call,197.5,0.5865549392780336,2024-10-25,219.16000366210935,2024-10-14
TSLA,put,197.5,0.5865549392780336,2024-10-25,219.16000366210935,2024-10-14
TSLA,call,202.5,0.5969543264578046,2024-10-25,219.16000366210935,2024-10-14
TSLA,put,202.5,0.5969543264578046,2024-10-25,219.16000366210935,2024-10-14
TSLA,call,205.0,0.5539417821530475,2024-10-25,219.16000366210935,2024-10-14
TSLA,put,205.0,0.5539417821530475,2024-10-25,219.16000366210935,2024-10-14
TSLA,call,210.0,0.5730035501938942,2024-10-25,219.16000366210935,2024-10-14
TSLA,put,210.0,0.5730035501938942,2024-10-25,219.16000366210935,2024-10-14
TSLA,call,215.0,0.5550035033872209,2024-10-25,219.16000366210935,2024-10-14
TSLA,put,215.0,0.5550035033872209,2024-10-25,219.16000366210935,2024-10-14
TSLA,call,220.0,0.5909692507954586,2024-10-25,219.16000366210935,2024-10-14
TSLA,put,220.0,0.5909692507954586,2024-10-25,219.16000366210935,2024-10-14
TSLA,call,222.5,0.5139955709566588,2024-10-25,219.16000366210935,2024-10-14
TSLA,put,222.5,0.5139955709566588,2024-10-25,219.16000366210935,2024-10-14
TSLA,call,227.5,0.5626032104959159,2024-10-25,219.16000366210935,2024-10-14
TSLA,put,227.5,0.5626032104959159,2024-10-25,219.16000366210935,2024-10-14
TSLA,call,232.5,0.5010078287632068,2024-10-25,219.16000366210935,2024-10-14
TSLA,put,232.5,0.5010078287632068,2024-10-25,219.16000366210935,2024-10-14
TSLA,call,237.5,0.534159637710952,2024-10-25,219.16000366210935,2024-10-14
TSLA,put,237.5,0.534159637710952,2024-10-25,219.16000366210935,2024-10-14
TSLA,call,240.0,0.5242070435160009,2024-10-25,219.16000366210935,2024-10-14
TSLA,put,240.0,0.5242070435160009,2024-10-25,219.16000366210935,2024-10-14
TSLA,call,245.0,0.4887630507016048,2024-10-25,219.16000366210935,2024-10-14
TSLA,put,245.0,0.4887630507016048,2024-10-25,219.16000366210935,2024-10-14
TSLA,call,250.0,0.4896204530051223,2024-10-25,219.16000366210935,2024-10-14
TSLA,put,250.0,0.4896204530051223,2024-10-25,219.16000366210935,2024-10-14
TSLA,call,255.0,0.5025253663920461,2024-10-25,219.16000366210935,2024-10-14
TSLA,put,255.0,0.5025253663920461,2024-10-25,219.16000366210935,2024-10-14
TSLA,call,257.5,0.512078530336825,2024-10-25,219.16000366210935,2024-10-14
TSLA,put,257.5,0.512078530336825,2024-10-25,219.16000366210935,2024-10-14
TSLA,call,262.5,0.4934740113252893,2024-10-25,219.16000366210935,2024-10-14
TSLA,put,262.5,0.4934740113252893,2024-10-25,219.16000366210935,2024-10-14
TSLA,call,175.0,0.5979395086038136,2024-11-15,219.16000366210935,2024-10-14
TSLA,put,175.0,0.5979395086038136,2024-11-15,219.16000366210935,2024-10-14
TSLA,call,180.0,0.6054435512139175,2024-11-15,219.16000366210935,2024-10-14
TSLA,put,180.0,0.6054435512139175,2024-11-15,219.16000366210935,2024-10-14
TSLA,call,185.0,0.63931343512472,2024-11-15,219.16000366210935,2024-10-14
TSLA,put,185.0,0.63931343512472,2024-11-15,219.16000366210935,2024-10-14
TSLA,call,187.5,0.5993120965548399,2024-11-15,219.16000366210935,2024-10-14
TSLA,put,187.5,0.5993120965548399,2024-11-15,219.16000366210935,2024-10-14
TSLA,call,192.5,0.553258948271614,2024-11-15,219.16000366210935,2024-10-14
TSLA,put,192.5,0.553258948271614,2024-11-15,219.16000366210935,2024-10-14
TSLA,call,197.5,0.572398884405416,2024-11-15,219.16000366210935,2024-10-14
TSLA,put,197.5,0.572398884405416,2024-11-15,219.16000366210935,2024-10-14
TSLA,call,202.5,0.5526255948192431,2024-11-15,219.16000366210935,2024-10-14
TSLA,put,202.5,0.5526255948192431,2024-11-15,219.16000366210935,2024-10-14
TSLA,call,205.0,0.550662599189938,2024-11-15,219.16000366210935,2024-10-14
TSLA,put,205.0,0.550662599189938,2024-11-15,219.16000366210935,2024-10-14
TSLA,call,210.0,0.5920466972086942,2024-11-15,219.16000366210935,2024-10-14
TSLA,put,210.0,0.5920466972086942,2024-11-15,219.16000366210935,2024-10-14
TSLA,call,215.0,0.5498453885675092,2024-11-15,219.16000366210935,2024-10-14
TSLA,put,215.0,0.5498453885675092,2024-11-15,219.16000366210935,2024-10-14
TSLA,call,220.0,0.5430419092430856,2024-11-15,219.16000366210935,2024-10-14
TSLA,put,220.0,0.5430419092430856,2024-11-15,219.16000366210935,2024-10-14
TSLA,call,222.5,0.5524726852028011,2024-11-15,219.16000366210935,2024-10-14
TSLA,put,222.5,0.5524726852028011,2024-11-15,219.16000366210935,2024-10-14
TSLA,call,227.5,0.5358321055824588,2024-11-15,219.16000366210935,2024-10-14
TSLA,put,227.5,0.5358321055824588,2024-11-15,219.16000366210935,2024-10-14
TSLA,call,232.5,0.5240571834114982,2024-11-15,219.16000366210935,2024-10-14
TSLA,put,232.5,0.5240571834114982,2024-11-15,219.16000366210935,2024-10-14
TSLA,call,237.5,0.49563119460860006,2024-11-15,219.16000366210935,2024-10-14
TSLA,put,237.5,0.49563119460860006,2024-11-15,219.16000366210935,2024-10-14
TSLA,call,240.0,0.5079864582992185,2024-11-15,219.16000366210935,2024-10-14
TSLA,put,240.0,0.5079864582992185,2024-11-15,219.16000366210935,2024-10-14
TSLA,call,245.0,0.5271539664273732,2024-11-15,219.16000366210935,2024-10-14
TSLA,put,245.0,0.5271539664273732,2024-11-15,219.16000366210935,2024-10-14
TSLA,call,250.0,0.5184129821320302,2024-11-15,219.16000366210935,2024-10-14
TSLA,put,250.0,0.5184129821320302,2024-11-15,219.16000366210935,2024-10-14
TSLA,call,255.0,0.4905892612368512,2024-11-15,219.16000366210935,2024-10-14
TSLA,put,255.0,0.4905892612368512,2024-11-15,219.16000366210935,2024-10-14
TSLA,call,257.5,0.4733331368542044,2024-11-15,219.16000366210935,2024-10-14
TSLA,put,257.5,0.4733331368542044,2024-11-15,219.16000366210935,2024-10-14
TSLA,call,262.5,0.4719640458174447,2024-11-15,219.16000366210935,2024-10-14
TSLA,put,262.5,0.4719640458174447,2024-11-15,219.16000366210935,2024-10-14
TSLA,call,175.0,0.635692885752531,2024-12-13,219.16000366210935,2024-10-14
TSLA,put,175.0,0.635692885752531,2024-12-13,219.16000366210935,2024-10-14
TSLA,call,180.0,0.6090367867466364,2024-12-13,219.16000366210935,2024-10-14
TSLA,put,180.0,0.6090367867466364,2024-12-13,219.16000366210935,2024-10-14
TSLA,call,185.0,0.6086802977862221,2024-12-13,219.16000366210935,2024-10-14
TSLA,put,185.0,0.6086802977862221,2024-12-13,219.16000366210935,2024-10-14
TSLA,call,187.5,0.6252647403524401,2024-12-13,219.16000366210935,2024-10-14
TSLA,put,187.5,0.6252647403524401,2024-12-13,219.16000366210935,2024-10-14
TSLA,call,192.5,0.5746744611361829,2024-12-13,219.16000366210935,2024-10-14
TSLA,put,192.5,0.5746744611361829,2024-12-13,219.16000366210935,2024-10-14
TSLA,call,197.5,0.5756247888237239,2024-12-13,219.16000366210935,2024-10-14
TSLA,put,197.5,0.5756247888237239,2024-12-13,219.16000366210935,2024-10-14
TSLA,call,202.5,0.5688386606534818,2024-12-13,219.16000366210935,2024-10-14
TSLA,put,202.5,0.5688386606534818,2024-12-13,219.16000366210935,2024-10-14
TSLA,call,205.0,0.6100604925263143,2024-12-13,219.16000366210935,2024-10-14
TSLA,put,205.0,0.6100604925263143,2024-12-13,219.16000366210935,2024-10-14
TSLA,call,210.0,0.5665744304134184,2024-12-13,219.16000366210935,2024-10-14
TSLA,put,210.0,0.5665744304134184,2024-12-13,219.16000366210935,2024-10-14
TSLA,call,215.0,0.5600017460082389,2024-12-13,219.16000366210935,2024-10-14
TSLA,put,215.0,0.5600017460082389,2024-12-13,219.16000366210935,2024-10-14
TSLA,call,220.0,0.5281525464350049,2024-12-13,219.16000366210935,2024-10-14
TSLA,put,220.0,0.5281525464350049,2024-12-13,219.16000366210935,2024-10-14
TSLA,call,222.5,0.5706147007812715,2024-12-13,219.16000366210935,2024-10-14
TSLA,put,222.5,0.5706147007812715,2024-12-13,219.16000366210935,2024-10-14
TSLA,call,227.5,0.5513772685644581,2024-12-13,219.16000366210935,2024-10-14
TSLA,put,227.5,0.5513772685644581,2024-12-13,219.16000366210935,2024-10-14
TSLA,call,232.5,0.5427499602676557,2024-12-13,219.16000366210935,2024-10-14
TSLA,put,232.5,0.5427499602676557,2024-12-13,219.16000366210935,2024-10-14
TSLA,call,237.5,0.5292199049802127,2024-12-13,219.16000366210935,2024-10-14
TSLA,put,237.5,0.5292199049802127,2024-12-13,219.16000366210935,2024-10-14
TSLA,call,240.0,0.49306575778647244,2024-12-13,219.16000366210935,2024-10-14
TSLA,put,240.0,0.49306575778647244,2024-12-13,219.16000366210935,2024-10-14
TSLA,call,245.0,0.52932834025041,2024-12-13,219.16000366210935,2024-10-14
TSLA,put,245.0,0.52932834025041,2024-12-13,219.16000366210935,2024-10-14
TSLA,call,250.0,0.5362909914813354,2024-12-13,219.16000366210935,2024-10-14
TSLA,put,250.0,0.5362909914813354,2024-12-13,219.16000366210935,2024-10-14
TSLA,call,255.0,0.4977504954029599,2024-12-13,219.16000366210935,2024-10-14
TSLA,put,255.0,0.4977504954029599,2024-12-13,219.16000366210935,2024-10-14
TSLA,call,257.5,0.5045161888048442,2024-12-13,219.16000366210935,2024-10-14
TSLA,put,257.5,0.5045161888048442,2024-12-13,219.16000366210935,2024-10-14
TSLA,call,262.5,0.5082943582566666,2024-12-13,219.16000366210935,2024-10-14
TSLA,put,262.5,0.5082943582566666,2024-12-13,219.16000366210935,2024-10-14
XOM,call,99.0,0.23319690141952254,2024-10-25,124.08000183105467,2024-10-14
XOM,put,99.0,0.23319690141952254,2024-10-25,124.08000183105467,2024-10-14
XOM,call,102.0,0.24631142510859771,2024-10-25,124.08000183105467,2024-10-14
XOM,put,102.0,0.24631142510859771,2024-10-25,124.08000183105467,2024-10-14
XOM,call,104.0,0.26979822397599523,2024-10-25,124.08000183105467,2024-10-14
XOM,put,104.0,0.26979822397599523,2024-10-25,124.08000183105467,2024-10-14
XOM,call,107.0,0.21444336458557414,2024-10-25,124.08000183105467,2024-10-14
XOM,put,107.0,0.21444336458557414,2024-10-25,124.08000183105467,2024-10-14
XOM,call,109.0,0.2743053550237825,2024-10-25,124.08000183105467,2024-10-14
XOM,put,109.0,0.2743053550237825,2024-10-25,124.08000183105467,2024-10-14
XOM,call,112.0,0.2537096603581541,2024-10-25,124.08000183105467,2024-10-14
XOM,put,112.0,0.2537096603581541,2024-10-25,124.08000183105467,2024-10-14
XOM,call,114.0,0.20233247692727918,2024-10-25,124.08000183105467,2024-10-14
XOM,put,114.0,0.20233247692727918,2024-10-25,124.08000183105467,2024-10-14
XOM,call,117.0,0.20170560799407536,2024-10-25,124.08000183105467,2024-10-14
XOM,put,117.0,0.20170560799407536,2024-10-25,124.08000183105467,2024-10-14
XOM,call,119.0,0.2354133051216014,2024-10-25,124.08000183105467,2024-10-14
XOM,put,119.0,0.2354133051216014,2024-10-25,124.08000183105467,2024-10-14
XOM,call,122.0,0.2269377068851877,2024-10-25,124.08000183105467,2024-10-14
XOM,put,122.0,0.2269377068851877,2024-10-25,124.08000183105467,2024-10-14
XOM,call,124.0,0.20672239828288813,2024-10-25,124.08000183105467,2024-10-14
XOM,put,124.0,0.20672239828288813,2024-10-25,124.08000183105467,2024-10-14
XOM,call,127.0,0.24525277434261275,2024-10-25,124.08000183105467,2024-10-14
XOM,put,127.0,0.24525277434261275,2024-10-25,124.08000183105467,2024-10-14
XOM,call,129.0,0.23698366027670031,2024-10-25,124.08000183105467,2024-10-14
XOM,put,129.0,0.23698366027670031,2024-10-25,124.08000183105467,2024-10-14
XOM,call,132.0,0.23171300149013796,2024-10-25,124.08000183105467,2024-10-14
XOM,put,132.0,0.23171300149013796,2024-10-25,124.08000183105467,2024-10-14
XOM,call,134.0,0.1776548607596255,2024-10-25,124.08000183105467,2024-10-14
XOM,put,134.0,0.1776548607596255,2024-10-25,124.08000183105467,2024-10-14
XOM,call,136.0,0.2013827081657889,2024-10-25,124.08000183105467,2024-10-14
XOM,put,136.0,0.2013827081657889,2024-10-25,124.08000183105467,2024-10-14
XOM,call,139.0,0.24840203206571088,2024-10-25,124.08000183105467,2024-10-14
XOM,put,139.0,0.24840203206571088,2024-10-25,124.08000183105467,2024-10-14
XOM,call,141.0,0.1743817995816363,2024-10-25,124.08000183105467,2024-10-14
XOM,put,141.0,0.1743817995816363,2024-10-25,124.08000183105467,2024-10-14
XOM,call,144.0,0.2059441720934218,2024-10-25,124.08000183105467,2024-10-14
XOM,put,144.0,0.2059441720934218,2024-10-25,124.08000183105467,2024-10-14
XOM,call,146.0,0.20945777655990558,2024-10-25,124.08000183105467,2024-10-14
XOM,put,146.0,0.20945777655990558,2024-10-25,124.08000183105467,2024-10-14
XOM,call,149.0,0.21116531914436695,2024-10-25,124.08000183105467,2024-10-14
XOM,put,149.0,0.21116531914436695,2024-10-25,124.08000183105467,2024-10-14
XOM,call,99.0,0.24118401033827147,2024-11-15,124.08000183105467,2024-10-14
XOM,put,99.0,0.24118401033827147,2024-11-15,124.08000183105467,2024-10-14
XOM,call,102.0,0.21339333256617843,2024-11-15,124.08000183105467,2024-10-14
XOM,put,102.0,0.21339333256617843,2024-11-15,124.08000183105467,2024-10-14
XOM,call,104.0,0.23511935903090994,2024-11-15,124.08000183105467,2024-10-14
XOM,put,104.0,0.23511935903090994,2024-11-15,124.08000183105467,2024-10-14
XOM,call,107.0,0.2627818136592057,2024-11-15,124.08000183105467,2024-10-14
XOM,put,107.0,0.2627818136592057,2024-11-15,124.08000183105467,2024-10-14
XOM,call,109.0,0.2561767908534384,2024-11-15,124.08000183105467,2024-10-14
XOM,put,109.0,0.2561767908534384,2024-11-15,124.08000183105467,2024-10-14
XOM,call,112.0,0.22595590484198042,2024-11-15,124.08000183105467,2024-10-14
XOM,put,112.0,0.22595590484198042,2024-11-15,124.08000183105467,2024-10-14
XOM,call,114.0,0.24539584676201082,2024-11-15,124.08000183105467,2024-10-14
XOM,put,114.0,0.24539584676201082,2024-11-15,124.08000183105467,2024-10-14
XOM,call,117.0,0.24815503074373116,2024-11-15,124.08000183105467,2024-10-14
XOM,put,117.0,0.24815503074373116,2024-11-15,124.08000183105467,2024-10-14
XOM,call,119.0,0.2140837706829708,2024-11-15,124.08000183105467,2024-10-14
XOM,put,119.0,0.2140837706829708,2024-11-15,124.08000183105467,2024-10-14
XOM,call,122.0,0.21020575128026886,2024-11-15,124.08000183105467,2024-10-14
XOM,put,122.0,0.21020575128026886,2024-11-15,124.08000183105467,2024-10-14
XOM,call,124.0,0.22064332453076527,2024-11-15,124.08000183105467,2024-10-14
XOM,put,124.0,0.22064332453076527,2024-11-15,124.08000183105467,2024-10-14
XOM,call,127.0,0.2240639165913409,2024-11-15,124.08000183105467,2024-10-14
XOM,put,127.0,0.2240639165913409,2024-11-15,124.08000183105467,2024-10-14
XOM,call,129.0,0.25539882637432615,2024-11-15,124.08000183105467,2024-10-14
XOM,put,129.0,0.25539882637432615,2024-11-15,124.08000183105467,2024-10-14
XOM,call,132.0,0.22275992222465138,2024-11-15,124.08000183105467,2024-10-14
XOM,put,132.0,0.22275992222465138,2024-11-15,124.08000183105467,2024-10-14
XOM,call,134.0,0.20860813371071996,2024-11-15,124.08000183105467,2024-10-14
XOM,put,134.0,0.20860813371071996,2024-11-15,124.08000183105467,2024-10-14
XOM,call,136.0,0.23757122325692223,2024-11-15,124.08000183105467,2024-10-14
XOM,put,136.0,0.23757122325692223,2024-11-15,124.08000183105467,2024-10-14
XOM,call,139.0,0.19672298190983453,2024-11-15,124.08000183105467,2024-10-14
XOM,put,139.0,0.19672298190983453,2024-11-15,124.08000183105467,2024-10-14
XOM,call,141.0,0.18569960544043057,2024-11-15,124.08000183105467,2024-10-14
XOM,put,141.0,0.18569960544043057,2024-11-15,124.08000183105467,2024-10-14
XOM,call,144.0,0.20235203656317752,2024-11-15,124.08000183105467,2024-10-14
XOM,put,144.0,0.20235203656317752,2024-11-15,124.08000183105467,2024-10-14
XOM,call,146.0,0.17803425489950656,2024-11-15,124.08000183105467,2024-10-14
XOM,put,146.0,0.17803425489950656,2024-11-15,124.08000183105467,2024-10-14
XOM,call,149.0,0.14948096595725216,2024-11-15,124.08000183105467,2024-10-14
XOM,put,149.0,0.14948096595725216,2024-11-15,124.08000183105467,2024-10-14
XOM,call,99.0,0.25866007720736267,2024-12-13,124.08000183105467,2024-10-14
XOM,put,99.0,0.25866007720736267,2024-12-13,124.08000183105467,2024-10-14
XOM,call,102.0,0.22703243793344846,2024-12-13,124.08000183105467,2024-10-14
XOM,put,102.0,0.22703243793344846,2024-12-13,124.08000183105467,2024-10-14
XOM,call,104.0,0.2272818546389723,2024-12-13,124.08000183105467,2024-10-14
XOM,put,104.0,0.2272818546389723,2024-12-13,124.08000183105467,2024-10-14
XOM,call,107.0,0.24541350365506687,2024-12-13,124.08000183105467,2024-10-14
XOM,put,107.0,0.24541350365506687,2024-12-13,124.08000183105467,2024-10-14
XOM,call,109.0,0.26548421153372276,2024-12-13,124.08000183105467,2024-10-14
XOM,put,109.0,0.26548421153372276,2024-12-13,124.08000183105467,2024-10-14
XOM,call,112.0,0.23969240667169783,2024-12-13,124.08000183105467,2024-10-14
XOM,put,112.0,0.23969240667169783,2024-12-13,124.08000183105467,2024-10-14
XOM,call,114.0,0.22927502491683055,2024-12-13,124.08000183105467,2024-10-14
XOM,put,114.0,0.22927502491683055,2024-12-13,124.08000183105467,2024-10-14
XOM,call,117.0,0.204088626318242,2024-12-13,124.08000183105467,2024-10-14
XOM,put,117.0,0.204088626318242,2024-12-13,124.08000183105467,2024-10-14
XOM,call,119.0,0.22044817341847922,2024-12-13,124.08000183105467,2024-10-14
XOM,put,119.0,0.22044817341847922,2024-12-13,124.08000183105467,2024-10-14
XOM,call,122.0,0.22807214087632868,2024-12-13,124.08000183105467,2024-10-14
XOM,put,122.0,0.22807214087632868,2024-12-13,124.08000183105467,2024-10-14
XOM,call,124.0,0.2445513983801486,2024-12-13,124.08000183105467,2024-10-14
XOM,put,124.0,0.2445513983801486,2024-12-13,124.08000183105467,2024-10-14
XOM,call,127.0,0.2417891511106206,2024-12-13,124.08000183105467,2024-10-14
XOM,put,127.0,0.2417891511106206,2024-12-13,124.08000183105467,2024-10-14
XOM,call,129.0,0.23757196971273345,2024-12-13,124.08000183105467,2024-10-14
XOM,put,129.0,0.23757196971273345,2024-12-13,124.08000183105467,2024-10-14
XOM,call,132.0,0.21028359276534325,2024-12-13,124.08000183105467,2024-10-14
XOM,put,132.0,0.21028359276534325,2024-12-13,124.08000183105467,2024-10-14
XOM,call,134.0,0.19714718964648553,2024-12-13,124.08000183105467,2024-10-14
XOM,put,134.0,0.19714718964648553,2024-12-13,124.08000183105467,2024-10-14
XOM,call,136.0,0.19349059033982768,2024-12-13,124.08000183105467,2024-10-14
XOM,put,136.0,0.19349059033982768,2024-12-13,124.08000183105467,2024-10-14
XOM,call,139.0,0.21613572848787088,2024-12-13,124.08000183105467,2024-10-14
XOM,put,139.0,0.21613572848787088,2024-12-13,124.08000183105467,2024-10-14
XOM,call,141.0,0.18221398654428247,2024-12-13,124.08000183105467,2024-10-14
XOM,put,141.0,0.18221398654428247,2024-12-13,124.08000183105467,2024-10-14
XOM,call,144.0,0.1991460203046127,2024-12-13,124.08000183105467,2024-10-14
XOM,put,144.0,0.1991460203046127,2024-12-13,124.08000183105467,2024-10-14
XOM,call,146.0,0.21548403483814443,2024-12-13,124.08000183105467,2024-10-14
XOM,put,146.0,0.21548403483814443,2024-12-13,124.08000183105467,2024-10-14
XOM,call,149.0,0.205555400359938,2024-12-13,124.08000183105467,2024-10-14
XOM,put,149.0,0.205555400359938,2024-12-13,124.08000183105467,2024-10-14
